{"stat.walkOneCm":100206,"stat.useItem.minecraft.lever":90,"stat.pickup.minecraft.redstone_torch":88,"stat.useItem.minecraft.repeater":509,"stat.leaveGame":53,"stat.drop.minecraft.redstone":64,"stat.drop.minecraft.wool":1,"stat.jump":92,"stat.useItem.minecraft.sand":12,"stat.useItem.minecraft.redstone":8070,"stat.crouchOneCm":731,"stat.useItem.minecraft.redstone_torch":655,"stat.sprintOneCm":146,"stat.useItem.minecraft.stone_slab2":787,"stat.useItem.minecraft.redstone_ore":77,"stat.drop.minecraft.lever":1,"stat.pickup.minecraft.repeater":2,"stat.flyOneCm":4971267,"stat.pickup.minecraft.lever":4,"stat.drop":66,"stat.playOneMinute":545058,"stat.sneakTime":12685,"stat.pickup.minecraft.wool":1,"stat.pickup.minecraft.redstone":388,"stat.useItem.minecraft.wool":5486,"stat.timeSinceDeath":545058,"stat.useItem.minecraft.sign":11,"stat.useItem.minecraft.sandstone":24}